ExecutionStateEnum,3001,DataType
ExecutionStateEnum_EnumStrings,3901,Variable
BufferModeEnum,3002,DataType
BufferModeEnum_EnumStrings,3902,Variable
BlockingModeEnum,3003,DataType
BlockingModeEnum_EnumStrings,3903,Variable
TerminationModeEnum,3004,DataType
TerminationModeEnum_EnumStrings,3904,Variable
ReleaseModeEnum,3005,DataType
ReleaseModeEnum_EnumStrings,3905,Variable
ApproachModeEnum,3006,DataType
ApproachModeEnum_EnumStrings,3906,Variable
FrameRoleEnum,3007,DataType
FrameRoleEnum_EnumStrings,3907,Variable
OperationalModeEnum,3008,DataType
OperationalModeEnum_EnumStrings,3908,Variable
IntentFailureEnum,3009,DataType
IntentFailureEnum_EnumStrings,3909,Variable
StopModeEnum,3010,DataType
StopModeEnum_EnumStrings,3910,Variable
AxisKindEnum,3011,DataType
AxisKindEnum_EnumStrings,3911,Variable
MissionUpdateResultEnum,3012,DataType
MissionUpdateResultEnum_EnumStrings,3912,Variable
Pose3DDataType,3050,DataType
Pose3DDataType_Encoding_DefaultBinary,5001,Object
MotionConstraintsDataType,3051,DataType
MotionConstraintsDataType_Encoding_DefaultBinary,5002,Object
BlendDataType,3052,DataType
BlendDataType_Encoding_DefaultBinary,5003,Object
IntentDataType,3053,DataType
MotionIntentDataType,3054,DataType
JointMoveIntentDataType,3055,DataType
JointMoveIntentDataType_Encoding_DefaultBinary,5004,Object
LinearMoveIntentDataType,3056,DataType
LinearMoveIntentDataType_Encoding_DefaultBinary,5005,Object
CircularMoveIntentDataType,3057,DataType
CircularMoveIntentDataType_Encoding_DefaultBinary,5006,Object
GraspIntentDataType,3058,DataType
GraspIntentDataType_Encoding_DefaultBinary,5007,Object
ReleaseIntentDataType,3059,DataType
ReleaseIntentDataType_Encoding_DefaultBinary,5008,Object
PickIntentDataType,3060,DataType
PickIntentDataType_Encoding_DefaultBinary,5009,Object
PlaceIntentDataType,3061,DataType
PlaceIntentDataType_Encoding_DefaultBinary,5010,Object
ToolChangeIntentDataType,3062,DataType
ToolChangeIntentDataType_Encoding_DefaultBinary,5011,Object
SetOutputIntentDataType,3063,DataType
SetOutputIntentDataType_Encoding_DefaultBinary,5012,Object
CallProgramIntentDataType,3064,DataType
CallProgramIntentDataType_Encoding_DefaultBinary,5013,Object
WaitIntentDataType,3065,DataType
WaitIntentDataType_Encoding_DefaultBinary,5014,Object
IntentResultDataType,3066,DataType
IntentResultDataType_Encoding_DefaultBinary,5015,Object
MissionStepDataType,3067,DataType
MissionStepDataType_Encoding_DefaultBinary,5016,Object
MissionDataType,3068,DataType
MissionDataType_Encoding_DefaultBinary,5017,Object
IntentCapabilityDataType,3069,DataType
IntentCapabilityDataType_Encoding_DefaultBinary,5018,Object
HasIntentController,4001,ReferenceType
HasFrameParent,4002,ReferenceType
RobotIntentRootType,1001,ObjectType
RobotIntentRootType_Controllers,6001,Object
RobotIntentRootType_SpecificationVersion,6002,Variable
IntentControllerType,1002,ObjectType
IntentControllerType_OperationalMode,6003,Variable
IntentControllerType_Ready,6004,Variable
IntentControllerType_ControlOwner,6005,Variable
IntentControllerType_MaxQueueDepth,6006,Variable
IntentControllerType_ActiveIntent,6007,Variable
IntentControllerType_ActiveMission,6008,Variable
IntentControllerType_Capabilities,6009,Object
IntentControllerType_Frames,6010,Object
IntentControllerType_Tools,6011,Object
IntentControllerType_Locations,6012,Object
IntentControllerType_Axes,6013,Object
IntentControllerType_Outputs,6014,Object
IntentControllerType_Programs,6015,Object
IntentControllerType_Intents,6016,Object
IntentControllerType_Missions,6017,Object
IntentControllerType_RequestControl,6018,Method
IntentControllerType_RequestControl_OutputArguments,6019,Variable
IntentControllerType_ReleaseControl,6020,Method
IntentControllerType_SubmitIntent,6021,Method
IntentControllerType_SubmitIntent_InputArguments,6022,Variable
IntentControllerType_SubmitIntent_OutputArguments,6023,Variable
IntentControllerType_CancelIntent,6024,Method
IntentControllerType_CancelIntent_InputArguments,6025,Variable
IntentControllerType_CancelIntent_OutputArguments,6026,Variable
IntentControllerType_CancelAll,6027,Method
IntentControllerType_CancelAll_InputArguments,6028,Variable
IntentControllerType_CancelAll_OutputArguments,6029,Variable
IntentControllerType_Pause,6030,Method
IntentControllerType_Pause_OutputArguments,6031,Variable
IntentControllerType_Resume,6032,Method
IntentControllerType_Resume_OutputArguments,6033,Variable
IntentControllerType_Retry,6034,Method
IntentControllerType_Retry_InputArguments,6035,Variable
IntentControllerType_Retry_OutputArguments,6036,Variable
IntentControllerType_SubmitMission,6037,Method
IntentControllerType_SubmitMission_InputArguments,6038,Variable
IntentControllerType_SubmitMission_OutputArguments,6039,Variable
IntentControllerType_UpdateMission,6040,Method
IntentControllerType_UpdateMission_InputArguments,6041,Variable
IntentControllerType_UpdateMission_OutputArguments,6042,Variable
IntentControllerType_CancelMission,6043,Method
IntentControllerType_CancelMission_InputArguments,6044,Variable
IntentControllerType_CancelMission_OutputArguments,6045,Variable
IntentOperationType,1003,ObjectType
IntentOperationType_IntentId,6046,Variable
IntentOperationType_Intent,6047,Variable
IntentOperationType_ExecutionState,6048,Variable
IntentOperationType_Progress,6049,Variable
IntentOperationType_CurrentPose,6050,Variable
IntentOperationType_Result,6051,Variable
IntentOperationType_MissionId,6052,Variable
IntentOperationType_QueuePosition,6053,Variable
MissionType,1004,ObjectType
MissionType_MissionId,6054,Variable
MissionType_MissionUpdateId,6055,Variable
MissionType_Mission,6056,Variable
MissionType_ExecutionState,6057,Variable
MissionType_CurrentStepId,6058,Variable
MissionType_ReleasedStepCount,6059,Variable
IntentCapabilitiesType,1005,ObjectType
IntentCapabilitiesType_SupportedIntents,6060,Variable
IntentCapabilitiesType_MissionsSupported,6061,Variable
IntentCapabilitiesType_MissionHorizonSupported,6062,Variable
IntentCapabilitiesType_BlendingSupported,6063,Variable
IntentCapabilitiesType_MaxBlendRadius,6064,Variable
IntentCapabilitiesType_AxisCount,6065,Variable
CoordinateFrameType,1006,ObjectType
CoordinateFrameType_FrameId,6066,Variable
CoordinateFrameType_Role,6067,Variable
CoordinateFrameType_Transform,6068,Variable
ToolType,1007,ObjectType
ToolType_ToolId,6069,Variable
ToolType_Name,6070,Variable
ToolType_Fitted,6071,Variable
ToolType_TcpFrame,6072,Variable
ToolType_Mass,6073,Variable
ToolType_MaxGraspForce,6074,Variable
ToolType_MaxOpening,6075,Variable
LocationType,1008,ObjectType
LocationType_LocationId,6076,Variable
LocationType_Name,6077,Variable
LocationType_Pose,6078,Variable
LocationType_Occupied,6079,Variable
LocationType_ObjectClass,6080,Variable
LocationType_Capacity,6081,Variable
AxisType,1009,ObjectType
AxisType_AxisId,6082,Variable
AxisType_Index,6083,Variable
AxisType_Kind,6084,Variable
AxisType_MinPosition,6085,Variable
AxisType_MaxPosition,6086,Variable
AxisType_MaxSpeed,6087,Variable
AxisType_Position,6088,Variable
OutputSignalType,1010,ObjectType
OutputSignalType_SignalId,6089,Variable
OutputSignalType_Name,6090,Variable
OutputSignalType_Value,6091,Variable
OutputSignalType_Writable,6092,Variable
OutputSignalType_EngineeringUnits,6093,Variable
ProgramType,1011,ObjectType
ProgramType_ProgramId,6094,Variable
ProgramType_Name,6095,Variable
ProgramType_Description,6096,Variable
ProgramType_Parameters,6097,Variable
RobotIntent,7001,Object
